model,task_type,sample_count,response_length_mean,response_length_std,response_length_min,response_length_max,token_count_mean,token_count_std,throughput_tps_mean,throughput_tps_std,latency_s_mean,latency_s_std,gpu_energy_j_mean,gpu_energy_j_std,gpu_power_avg_w_mean,gpu_power_avg_w_std
deepseek_8b_ol_q4km,code,5,2282.2,390.04,1866,2831,712.0,81.98,41.16,2.56,17.33,1.96,1405.2,172.72,80.61,3.7
deepseek_8b_ol_q4km,creative,5,352.8,316.11,56,765,422.6,70.79,40.77,0.66,10.35,1.57,815.97,141.55,78.2,2.18
deepseek_8b_ol_q4km,math,5,1085.2,697.89,68,1973,408.0,114.54,40.69,0.79,9.99,2.6,789.83,235.2,77.7,2.89
deepseek_8b_ol_q4km,multi_turn,5,340.6,261.45,49,641,843.4,226.8,40.2,1.51,20.92,5.12,1755.27,489.73,82.9,2.6
deepseek_8b_ol_q4km,qa,5,1075.6,127.99,968,1229,240.0,54.77,37.95,1.82,6.28,1.15,454.69,123.64,70.65,6.85
deepseek_8b_ol_q4km,reasoning,5,641.8,185.93,461,948,408.0,114.54,41.15,0.78,9.89,2.61,792.3,229.7,79.1,2.4
deepseek_8b_ol_q4km,summary,5,390.8,49.92,338,449,230.0,27.39,38.17,1.3,6.02,0.58,438.99,42.48,72.11,4.16
deepseek_8b_ol_q4km,translation,5,108.8,167.95,18,406,262.2,32.8,37.57,3.56,6.99,0.68,493.47,55.77,69.99,6.05
gemma_2b_hf_4bit,code,5,1445.4,751.02,556,2586,416.2,163.34,23.2,4.18,18.51,7.33,597.57,229.4,33.2,5.36
gemma_2b_hf_4bit,creative,5,131.6,117.13,0,311,69.6,45.63,19.29,9.73,2.99,1.62,89.03,55.49,27.36,4.57
gemma_2b_hf_4bit,math,5,225.2,167.96,0,459,79.2,61.16,20.55,10.8,3.16,1.98,107.17,82.14,29.05,9.25
gemma_2b_hf_4bit,multi_turn,5,299.2,172.27,81,528,439.0,87.29,27.1,3.31,16.56,4.8,611.46,118.81,37.92,6.93
gemma_2b_hf_4bit,qa,5,417.0,263.41,236,880,107.6,56.34,22.3,4.13,4.83,2.31,136.8,73.29,28.24,7.1
gemma_2b_hf_4bit,reasoning,5,67.4,25.03,31,100,48.0,20.55,20.28,3.2,2.29,0.7,58.13,28.09,24.14,5.02
gemma_2b_hf_4bit,summary,5,30.0,67.08,0,150,19.6,41.59,6.19,10.44,1.28,1.4,31.41,50.29,17.21,8.72
gemma_2b_hf_4bit,translation,5,637.8,566.92,135,1269,138.8,93.71,22.21,1.85,6.33,4.47,170.58,117.53,26.47,3.71
gemma_2b_hf_8bit,code,5,1146.8,183.67,916,1369,340.6,34.52,11.76,0.92,29.17,4.22,755.44,99.23,26.06,2.48
gemma_2b_hf_8bit,creative,5,154.8,97.94,101,328,106.0,67.75,11.93,1.02,8.63,4.74,225.77,146.49,25.14,2.84
gemma_2b_hf_8bit,math,5,194.8,176.3,0,480,67.0,60.0,10.1,4.83,5.46,4.37,144.96,121.77,23.84,6.48
gemma_2b_hf_8bit,multi_turn,5,405.8,192.9,89,617,492.0,102.3,12.73,1.09,38.85,8.14,1048.69,207.2,27.18,2.65
gemma_2b_hf_8bit,qa,5,476.0,280.36,195,941,111.6,53.3,12.49,0.4,8.93,4.35,232.98,119.0,25.64,1.21
gemma_2b_hf_8bit,reasoning,5,66.2,70.72,20,189,45.0,47.92,9.52,0.73,4.78,5.27,95.06,104.17,18.83,4.17
gemma_2b_hf_8bit,summary,5,28.6,63.95,0,143,18.4,38.91,3.02,3.32,2.48,4.1,46.54,82.79,15.75,2.28
gemma_2b_hf_8bit,translation,5,662.2,441.4,244,1318,143.0,62.25,11.4,1.86,12.53,4.53,299.76,131.01,23.83,4.06
gemma_4b_ol_q4km,code,5,714.0,228.78,389,998,242.4,81.12,42.12,14.12,6.02,1.48,336.91,75.2,56.79,11.96
gemma_4b_ol_q4km,creative,5,211.0,91.21,84,319,152.4,60.37,39.35,6.9,3.74,0.94,195.9,69.34,50.35,8.38
gemma_4b_ol_q4km,math,5,814.0,203.15,594,1101,275.2,73.47,49.07,3.19,5.55,1.12,346.8,91.12,61.03,3.89
gemma_4b_ol_q4km,multi_turn,5,383.6,226.17,144,671,694.8,405.84,42.24,20.03,16.59,4.0,945.81,468.11,56.9,21.73
gemma_4b_ol_q4km,qa,5,1066.4,196.84,905,1375,240.0,54.77,48.14,2.28,4.95,0.9,313.72,74.89,61.97,3.71
gemma_4b_ol_q4km,reasoning,5,409.4,292.24,51,800,262.8,186.66,43.97,14.67,5.31,2.82,340.86,227.47,57.69,15.57
gemma_4b_ol_q4km,summary,5,87.4,15.66,76,114,50.2,9.34,23.12,1.9,2.16,0.25,71.78,11.96,33.5,5.01
gemma_4b_ol_q4km,translation,5,721.2,119.82,566,842,253.2,75.7,48.1,5.13,5.17,1.17,319.03,86.66,60.11,3.88
phi3_4b_hf_4bit,code,5,700.6,798.67,107,2107,261.6,304.91,15.09,6.24,15.47,13.45,604.14,637.12,36.24,7.71
phi3_4b_hf_4bit,creative,5,335.8,57.36,235,378,480.6,44.51,19.23,0.88,24.99,2.09,840.93,95.39,33.49,1.86
phi3_4b_hf_4bit,math,5,395.2,209.69,48,590,132.6,73.66,17.72,3.52,6.97,3.43,220.8,125.94,28.9,6.98
phi3_4b_hf_4bit,multi_turn,5,269.0,153.25,196,543,920.8,253.38,20.38,1.23,45.3,12.3,1564.6,482.04,34.4,2.67
phi3_4b_hf_4bit,qa,5,794.4,189.73,529,1005,193.4,32.13,20.12,0.73,9.58,1.31,314.22,58.4,32.38,1.89
phi3_4b_hf_4bit,reasoning,5,321.8,75.32,244,437,408.8,114.74,19.76,1.35,20.64,5.13,731.33,249.71,34.85,4.07
phi3_4b_hf_4bit,summary,5,154.2,53.97,77,227,200.6,59.42,18.42,2.78,10.68,1.95,383.6,113.56,34.91,5.15
phi3_4b_hf_4bit,translation,5,888.0,311.21,387,1140,288.6,26.62,20.61,0.57,14.02,1.43,468.53,50.24,33.22,1.15
phi3_4b_hf_8bit,code,5,1061.6,973.89,155,2142,387.4,377.29,11.03,3.88,31.27,25.04,1022.97,987.17,28.51,7.89
phi3_4b_hf_8bit,creative,5,258.6,132.84,34,345,388.0,193.43,12.38,0.67,30.86,15.2,840.72,429.62,26.27,2.64
phi3_4b_hf_8bit,math,5,354.4,208.67,122,586,123.0,59.13,12.8,0.8,9.63,4.73,245.0,121.55,25.08,1.94
phi3_4b_hf_8bit,multi_turn,5,253.0,180.66,83,540,941.4,311.7,13.55,0.3,69.35,22.59,1987.93,699.19,28.45,0.81
phi3_4b_hf_8bit,qa,5,862.8,253.96,601,1253,206.4,55.27,12.96,0.99,15.91,3.85,426.93,125.02,26.6,2.6
phi3_4b_hf_8bit,reasoning,5,297.8,77.93,227,420,409.0,114.54,13.61,0.28,30.07,8.35,901.9,293.87,29.67,1.24
phi3_4b_hf_8bit,summary,5,145.2,54.45,52,192,197.2,68.65,12.45,1.47,15.48,4.43,452.4,157.01,28.47,2.91
phi3_4b_hf_8bit,translation,5,900.8,212.47,642,1208,288.4,26.51,13.61,0.16,21.19,1.96,593.11,55.13,27.92,0.81
qwen25_3b_hf_4bit,code,5,2867.6,1137.35,1614,4601,815.0,229.44,17.86,1.64,46.98,19.05,1426.58,506.8,30.65,1.59
qwen25_3b_hf_4bit,creative,5,766.2,112.31,584,872,479.6,45.06,17.66,0.39,27.2,2.97,745.94,79.74,27.36,0.52
qwen25_3b_hf_4bit,math,5,1291.4,351.11,1034,1898,407.0,114.54,17.66,1.66,22.96,5.48,635.96,193.15,27.41,2.83
qwen25_3b_hf_4bit,multi_turn,5,572.6,221.96,420,961,976.2,284.99,18.11,0.88,54.48,18.37,1546.85,469.16,28.57,1.12
qwen25_3b_hf_4bit,qa,5,1037.4,237.0,832,1387,240.0,54.77,16.07,1.44,15.24,4.75,363.11,90.62,24.08,1.84
qwen25_3b_hf_4bit,reasoning,5,664.4,220.45,489,1049,407.0,114.72,16.75,1.48,24.22,5.92,643.2,191.15,26.28,2.3
qwen25_3b_hf_4bit,summary,5,539.8,145.79,371,700,229.2,27.57,16.26,1.03,14.12,1.83,365.78,41.12,25.83,1.9
qwen25_3b_hf_4bit,translation,5,1025.4,490.52,397,1512,287.6,26.62,16.96,1.66,17.14,2.73,436.9,46.56,25.56,2.24
qwen25_3b_hf_8bit,code,5,2600.6,676.37,1686,3525,814.8,229.89,7.26,0.32,112.24,30.79,2056.74,618.91,18.24,0.55
qwen25_3b_hf_8bit,creative,5,757.4,106.49,592,851,479.8,44.05,7.35,0.28,65.46,7.8,1186.67,125.74,18.14,0.41
qwen25_3b_hf_8bit,math,5,1319.2,386.36,1012,1992,407.0,114.54,7.45,0.25,54.78,16.15,1004.94,306.51,18.29,0.44
qwen25_3b_hf_8bit,multi_turn,5,565.4,187.35,433,896,976.4,285.02,7.36,0.17,132.24,36.53,2409.32,698.27,18.16,0.33
qwen25_3b_hf_8bit,qa,5,1010.4,160.36,837,1240,240.0,54.77,7.55,0.15,31.71,6.82,578.55,129.43,18.18,0.29
qwen25_3b_hf_8bit,reasoning,5,660.0,217.75,430,1010,407.0,114.54,7.46,0.24,54.37,13.92,996.97,275.22,18.26,0.46
qwen25_3b_hf_8bit,summary,5,405.8,37.51,347,449,229.4,27.3,7.33,0.18,31.33,3.98,571.13,66.76,18.22,0.35
qwen25_3b_hf_8bit,translation,5,1025.8,350.06,623,1517,288.0,26.83,7.65,0.12,37.68,3.76,694.52,69.42,18.4,0.03
qwen25_7b_hf_4bit,code,5,3478.4,1325.27,2107,5528,811.2,232.61,19.29,3.68,45.99,26.15,2767.82,1246.97,61.95,6.26
qwen25_7b_hf_4bit,creative,5,802.6,112.48,618,912,479.8,45.17,19.41,2.8,25.19,4.8,1513.82,187.34,60.51,4.86
qwen25_7b_hf_4bit,math,5,1622.4,666.61,1145,2771,407.0,114.54,19.44,2.04,20.91,5.15,1271.57,345.91,60.34,3.77
qwen25_7b_hf_4bit,multi_turn,5,531.8,221.5,324,899,976.6,284.12,19.79,0.9,49.26,13.66,3052.13,900.21,61.65,2.17
qwen25_7b_hf_4bit,qa,5,1059.6,171.82,901,1309,240.0,54.77,19.45,2.11,12.46,3.18,732.27,176.13,58.5,3.59
qwen25_7b_hf_4bit,reasoning,5,665.2,179.72,505,966,407.6,114.32,19.21,2.0,21.13,4.85,1267.88,351.61,59.39,4.63
qwen25_7b_hf_4bit,summary,5,394.0,60.75,329,474,230.0,27.39,19.31,2.03,12.08,2.45,700.03,110.89,57.95,3.62
qwen25_7b_hf_4bit,translation,5,922.8,188.68,654,1165,286.2,25.85,18.95,1.72,15.26,2.37,886.31,108.6,58.01,2.5
qwen25_7b_hf_8bit,code,5,2861.6,752.97,2160,4019,813.2,230.61,3.3,0.05,246.53,69.41,7907.65,2300.47,31.97,0.18
qwen25_7b_hf_8bit,creative,1,725.0,,725,725,500.0,,3.42,,146.06,,4634.56,,31.72,
qwen_4b_ol_q4km,code,5,3014.4,858.91,2539,4542,816.0,229.09,63.44,10.05,13.75,7.15,974.78,420.3,72.42,3.84
qwen_4b_ol_q4km,creative,5,671.2,75.27,558,764,480.0,44.72,65.73,1.03,7.3,0.61,519.73,53.33,69.92,1.29
qwen_4b_ol_q4km,math,5,740.8,639.08,11,1441,408.0,114.54,64.19,2.37,6.31,1.5,428.19,135.49,66.24,4.86
qwen_4b_ol_q4km,multi_turn,5,503.0,129.03,417,728,922.2,257.53,66.68,1.84,13.76,3.44,1065.17,321.87,76.1,4.54
qwen_4b_ol_q4km,qa,5,1071.2,172.65,930,1315,240.0,54.77,57.09,4.68,4.17,0.62,247.1,55.45,57.43,5.65
qwen_4b_ol_q4km,reasoning,5,637.4,218.97,453,1008,408.0,114.54,64.09,3.48,6.32,1.46,428.41,135.96,65.86,6.25
qwen_4b_ol_q4km,summary,5,371.6,52.88,309,417,230.0,27.39,55.21,3.05,4.15,0.3,233.64,29.34,55.33,5.71
qwen_4b_ol_q4km,translation,5,1189.0,137.09,951,1303,288.0,26.83,60.51,0.8,4.76,0.39,297.56,16.45,61.54,3.05
qwen_8b_ol_q4km,code,5,2466.0,655.94,1376,3063,816.0,229.09,41.53,1.7,19.84,6.57,1630.81,496.62,82.05,2.26
qwen_8b_ol_q4km,creative,5,117.0,52.53,51,196,439.6,69.43,41.38,1.01,10.6,1.45,852.57,141.19,79.2,3.01
qwen_8b_ol_q4km,math,5,1426.4,316.91,990,1869,408.0,114.54,40.76,0.83,9.97,2.61,791.26,232.4,78.1,2.44
qwen_8b_ol_q4km,multi_turn,5,458.2,272.34,55,817,865.6,285.82,40.82,2.59,21.04,5.97,1758.13,602.41,82.15,4.76
qwen_8b_ol_q4km,qa,5,1033.2,189.6,893,1324,240.0,54.77,36.86,4.2,6.5,1.16,461.49,106.5,69.33,5.56
qwen_8b_ol_q4km,reasoning,5,554.6,332.86,42,962,408.0,114.54,40.96,0.75,9.93,2.59,791.18,232.44,78.3,3.01
qwen_8b_ol_q4km,summary,5,236.2,170.99,34,418,230.0,27.39,37.51,1.35,6.12,0.55,434.11,58.58,69.77,4.58
qwen_8b_ol_q4km,translation,5,1113.2,213.34,766,1337,288.0,26.83,39.99,0.76,7.2,0.58,532.22,54.22,72.98,2.53
