model,question_id,source_length,rouge_1_precision,rouge_1_recall,rouge_1_f1,rouge_2_precision,rouge_2_recall,rouge_2_f1,rouge_l_precision,rouge_l_recall,rouge_l_f1,bertscore_precision,bertscore_recall,bertscore_f1,compression_ratio,length,in_range,deviation,compliance_score,information_density
deepseek_8b_ol_q4km,q01,183,0.0,0.0,0.0,0.0,0.0,0.0,0.0,0.0,0.0,0.6867173314094543,0.7747045159339905,0.7280622720718384,2.3169398907103824,424,0.0,5.057142857142857,0.0,0.0
deepseek_8b_ol_q4km,q02,171,0.0,0.0,0.0,0.0,0.0,0.0,0.0,0.0,0.0,0.6242855787277222,0.7107555866241455,0.6647202968597412,2.0116959064327484,344,0.0,4.733333333333333,0.0,0.0
deepseek_8b_ol_q4km,q03,166,0.0,0.0,0.0,0.0,0.0,0.0,0.0,0.0,0.0,0.6392401456832886,0.7596302032470703,0.6942546963691711,2.5180722891566263,418,0.0,5.966666666666667,0.0,0.0
deepseek_8b_ol_q4km,q04,235,0.0,0.0,0.0,0.0,0.0,0.0,0.0,0.0,0.0,0.669556200504303,0.736047625541687,0.7012292146682739,1.9531914893617022,459,0.0,4.7375,0.0,0.0
deepseek_8b_ol_q4km,q05,177,0.0,0.0,0.0,0.0,0.0,0.0,0.0,0.0,0.0,0.680819034576416,0.7994354367256165,0.7353747487068176,1.9378531073446328,343,0.0,4.716666666666667,0.0,0.0
gemma_2b_hf_4bit,q01,183,0.0,0.0,0.0,0.0,0.0,0.0,0.0,0.0,0.0,0.6573028564453125,0.6538269519805908,0.655560314655304,0.8633879781420765,158,0.0,1.2571428571428571,0.0,0.0
gemma_2b_hf_8bit,q01,183,0.0,0.0,0.0,0.0,0.0,0.0,0.0,0.0,0.0,0.9343755841255188,0.865543007850647,0.8986430764198303,0.8142076502732241,149,0.0,1.1285714285714286,0.0,0.0
gemma_4b_ol_q4km,q01,183,0.0,0.0,0.0,0.0,0.0,0.0,0.0,0.0,0.0,0.7928170561790466,0.7181590795516968,0.7536436915397644,0.48633879781420764,89,0.0,0.2714285714285714,0.7285714285714286,0.0
gemma_4b_ol_q4km,q02,171,0.0,0.0,0.0,0.0,0.0,0.0,0.0,0.0,0.0,0.8118473291397095,0.7484228014945984,0.7788459658622742,0.4619883040935672,79,0.0,0.31666666666666665,0.6833333333333333,0.0
gemma_4b_ol_q4km,q03,166,0.0,0.0,0.0,0.0,0.0,0.0,0.0,0.0,0.0,0.8784494400024414,0.7675818204879761,0.8192819356918335,0.4578313253012048,76,0.0,0.26666666666666666,0.7333333333333334,0.0
gemma_4b_ol_q4km,q04,235,0.0,0.0,0.0,0.0,0.0,0.0,0.0,0.0,0.0,0.7881245613098145,0.7266775369644165,0.7561547756195068,0.4851063829787234,114,0.0,0.425,0.575,0.0
gemma_4b_ol_q4km,q05,177,0.0,0.0,0.0,0.0,0.0,0.0,0.0,0.0,0.0,0.8018287420272827,0.7320283651351929,0.7653403878211975,0.4463276836158192,79,0.0,0.31666666666666665,0.6833333333333333,0.0
phi3_4b_hf_4bit,q01,183,0.0,0.0,0.0,0.0,0.0,0.0,0.0,0.0,0.0,0.6636484861373901,0.618061900138855,0.6400445103645325,0.43169398907103823,79,0.0,0.12857142857142856,0.8714285714285714,0.0
phi3_4b_hf_4bit,q02,171,0.0,0.0,0.0,0.0,0.0,0.0,0.0,0.0,0.0,0.5429151058197021,0.5488884449005127,0.545885443687439,0.9005847953216374,154,0.0,1.5666666666666667,0.0,0.0
phi3_4b_hf_4bit,q03,166,0.0,0.0,0.0,0.0,0.0,0.0,0.0,0.0,0.0,0.7254587411880493,0.7594512701034546,0.742065966129303,1.0301204819277108,171,0.0,1.85,0.0,0.0
phi3_4b_hf_4bit,q04,235,0.0,0.0,0.0,0.0,0.0,0.0,0.0,0.0,0.0,0.6649192571640015,0.6302223801612854,0.6471060514450073,0.9659574468085106,227,0.0,1.8375,0.0,0.0
phi3_4b_hf_4bit,q05,177,0.0,0.0,0.0,0.0,0.0,0.0,0.0,0.0,0.0,0.8518058061599731,0.8250290751457214,0.8382036685943604,0.8813559322033898,156,0.0,1.6,0.0,0.0
phi3_4b_hf_8bit,q01,183,0.0,0.0,0.0,0.0,0.0,0.0,0.0,0.0,0.0,0.8136436939239502,0.6578922867774963,0.7275254130363464,0.28415300546448086,52,1.0,0.0,1.0,0.0
phi3_4b_hf_8bit,q02,171,0.0,0.0,0.0,0.0,0.0,0.0,0.0,0.0,0.0,0.7044156193733215,0.7493458390235901,0.7261864542961121,0.9590643274853801,164,0.0,1.7333333333333334,0.0,0.0
phi3_4b_hf_8bit,q03,166,0.0,0.0,0.0,0.0,0.0,0.0,0.0,0.0,0.0,0.582358717918396,0.5907992124557495,0.5865486264228821,1.1385542168674698,189,0.0,2.15,0.0,0.0
phi3_4b_hf_8bit,q04,235,0.0,0.0,0.0,0.0,0.0,0.0,0.0,0.0,0.0,0.6813864707946777,0.6610802412033081,0.6710797548294067,0.8170212765957446,192,0.0,1.4,0.0,0.0
phi3_4b_hf_8bit,q05,177,0.0,0.0,0.0,0.0,0.0,0.0,0.0,0.0,0.0,0.6789045929908752,0.6972759366035461,0.6879676580429077,0.8983050847457628,159,0.0,1.65,0.0,0.0
qwen25_3b_hf_4bit,q01,183,0.0,0.0,0.0,0.0,0.0,0.0,0.0,0.0,0.0,0.7328544855117798,0.9186352491378784,0.8152953386306763,2.5628415300546448,469,0.0,5.7,0.0,0.0
qwen25_3b_hf_4bit,q02,171,0.5,0.6666666666666666,0.5714285665306124,0.3333333333333333,0.5,0.39999999520000007,0.5,0.6666666666666666,0.5714285665306124,0.7373772263526917,0.9136288166046143,0.816095232963562,2.175438596491228,372,0.0,5.2,0.0,0.30645161290322576
qwen25_3b_hf_4bit,q03,166,0.0,0.0,0.0,0.0,0.0,0.0,0.0,0.0,0.0,0.6996311545372009,0.7553669214248657,0.7264314889907837,4.228915662650603,702,0.0,10.7,0.0,0.0
qwen25_3b_hf_4bit,q04,235,0.25,0.5,0.33333332888888895,0.0,0.0,0.0,0.25,0.5,0.33333332888888895,0.770993173122406,0.8596005439758301,0.8128893375396729,2.025531914893617,476,0.0,4.95,0.0,0.24684873949579833
qwen25_3b_hf_4bit,q05,177,0.0,0.0,0.0,0.0,0.0,0.0,0.0,0.0,0.0,0.6380406022071838,0.7988986968994141,0.7094660401344299,3.8926553672316384,689,0.0,10.483333333333333,0.0,0.0
qwen25_3b_hf_8bit,q01,183,0.0,0.0,0.0,0.0,0.0,0.0,0.0,0.0,0.0,0.6175402402877808,0.5707607865333557,0.5932297110557556,2.453551912568306,449,0.0,5.414285714285715,0.0,0.0
qwen25_3b_hf_8bit,q02,171,0.5,1.0,0.6666666622222223,0.3333333333333333,1.0,0.4999999962500001,0.5,1.0,0.6666666622222223,0.8062679767608643,0.8478737473487854,0.8265476822853088,2.0526315789473686,351,0.0,4.85,0.0,0.4871794871794871
qwen25_3b_hf_8bit,q03,166,0.0,0.0,0.0,0.0,0.0,0.0,0.0,0.0,0.0,0.7330228090286255,0.6660730838775635,0.6979461312294006,2.4819277108433737,412,0.0,5.866666666666666,0.0,0.0
qwen25_3b_hf_8bit,q04,235,0.0,0.0,0.0,0.0,0.0,0.0,0.0,0.0,0.0,0.738955020904541,0.8867101669311523,0.8061179518699646,1.8170212765957447,427,0.0,4.3375,0.0,0.0
qwen25_3b_hf_8bit,q05,177,0.0,0.0,0.0,0.0,0.0,0.0,0.0,0.0,0.0,0.6260071396827698,0.675386905670166,0.6497602462768555,2.2937853107344632,406,0.0,5.766666666666667,0.0,0.0
qwen25_7b_hf_4bit,q01,183,0.0,0.0,0.0,0.0,0.0,0.0,0.0,0.0,0.0,0.6713277101516724,0.6405672430992126,0.6555868983268738,2.2841530054644807,418,0.0,4.9714285714285715,0.0,0.0
qwen25_7b_hf_4bit,q02,171,0.0,0.0,0.0,0.0,0.0,0.0,0.0,0.0,0.0,0.6004582643508911,0.7297284603118896,0.6588119864463806,1.95906432748538,335,0.0,4.583333333333333,0.0,0.0
qwen25_7b_hf_4bit,q03,166,0.09090909090909091,1.0,0.16666666513888892,0.0,0.0,0.0,0.09090909090909091,1.0,0.16666666513888892,0.7596075534820557,0.9062879681587219,0.8264902234077454,2.5301204819277108,420,0.0,6.0,0.0,0.3952380952380952
qwen25_7b_hf_4bit,q04,235,0.0,0.0,0.0,0.0,0.0,0.0,0.0,0.0,0.0,0.7256319522857666,0.6824663281440735,0.7033875584602356,2.021276595744681,475,0.0,4.9375,0.0,0.0
qwen25_7b_hf_4bit,q05,177,0.0,0.0,0.0,0.0,0.0,0.0,0.0,0.0,0.0,0.6840722560882568,0.7403867244720459,0.7111163139343262,1.9152542372881356,339,0.0,4.65,0.0,0.0
qwen_4b_ol_q4km,q01,183,0.0,0.0,0.0,0.0,0.0,0.0,0.0,0.0,0.0,0.7370917201042175,0.8802450895309448,0.8023330569267273,2.360655737704918,432,0.0,5.171428571428572,0.0,0.0
qwen_4b_ol_q4km,q02,171,0.0625,0.3333333333333333,0.10526315523545714,0.0,0.0,0.0,0.0625,0.3333333333333333,0.10526315523545714,0.7314261198043823,0.8486326336860657,0.7856822609901428,1.9473684210526316,333,0.0,4.55,0.0,0.17117117117117114
qwen_4b_ol_q4km,q03,166,0.0,0.0,0.0,0.0,0.0,0.0,0.0,0.0,0.0,0.7873245477676392,0.8940801024436951,0.8373132944107056,2.644578313253012,439,0.0,6.316666666666666,0.0,0.0
qwen_4b_ol_q4km,q04,235,0.0,0.0,0.0,0.0,0.0,0.0,0.0,0.0,0.0,0.7261824011802673,0.8242452144622803,0.7721125483512878,1.851063829787234,435,0.0,4.4375,0.0,0.0
qwen_4b_ol_q4km,q05,177,0.0,0.0,0.0,0.0,0.0,0.0,0.0,0.0,0.0,0.7944531440734863,0.8771960139274597,0.8337767720222473,1.8361581920903955,325,0.0,4.416666666666667,0.0,0.0
qwen_8b_ol_q4km,q01,183,0.0,0.0,0.0,0.0,0.0,0.0,0.0,0.0,0.0,0.8011413216590881,0.6965879797935486,0.7452152967453003,0.40437158469945356,74,0.0,0.05714285714285714,0.9428571428571428,0.0
qwen_8b_ol_q4km,q02,171,0.0,0.0,0.0,0.0,0.0,0.0,0.0,0.0,0.0,0.6369290351867676,0.735432505607605,0.6826456785202026,1.912280701754386,327,0.0,4.45,0.0,0.0
qwen_8b_ol_q4km,q03,166,0.0,0.0,0.0,0.0,0.0,0.0,0.0,0.0,0.0,0.8619474172592163,0.6787073612213135,0.7594304084777832,0.20481927710843373,34,0.0,0.15,0.85,0.0
qwen_8b_ol_q4km,q04,235,0.0,0.0,0.0,0.0,0.0,0.0,0.0,0.0,0.0,0.6686409711837769,0.766668975353241,0.7143074870109558,1.8127659574468085,426,0.0,4.325,0.0,0.0
qwen_8b_ol_q4km,q05,177,0.0,0.0,0.0,0.0,0.0,0.0,0.0,0.0,0.0,0.6911818385124207,0.796051025390625,0.7399190664291382,1.9096045197740112,338,0.0,4.633333333333334,0.0,0.0
