question_id,prompt
q01,"请将以上文本总结为 50-70 字的摘要。

云计算是一种基于互联网的计算方式，通过这种方式，共享的软硬件资源和信息可以按需提供给计算机和其他设备。云计算依赖资源的共享以达成规模经济，类似基础设施（如电力网）。服务提供商整合大量资源供多个用户使用，用户可以轻易地请求（租借）更多资源，并随时调整使用量，将不需要的资源释放回整个架构，因此用户不需要因短暂的需求高峰而购买大量资源，仅需提升租用量，需求降低时便退租。"
q02,"请将以上文本总结为 40-60 字的摘要。

物联网（Internet of Things，IoT）是互联网、传统电信网等信息承载体，让所有能行使独立功能的普通物体实现互联互通的网络。物联网将现实世界数字化，应用范围十分广泛。物联网拉近分散的信息，统整物与物的数字信息，物联网的应用领域主要包括运输和物流、工业制造、健康医疗、智能环境（家庭、办公、工厂）等，具有十分广阔的市场和应用前景。"
q03,"请将以上文本总结为 40-60 字的摘要。

深度学习是机器学习的一个分支，它基于人工神经网络进行学习。深度学习模型由多层神经网络组成，每一层都会对输入数据进行特征提取和转换。通过大量数据的训练，深度学习模型能够自动学习数据的内在规律和表示层次，从而实现对复杂模式的识别。近年来，深度学习在计算机视觉、自然语言处理、语音识别等领域取得了突破性进展，推动了人工智能技术的快速发展。"
q04,"请将以上文本总结为 50-80 字的摘要，保留关键信息。

人工智能（Artificial Intelligence，AI）是计算机科学的一个分支，它企图了解智能的实质，并生产出一种新的能以人类智能相似的方式做出反应的智能机器。该领域的研究包括机器人、语言识别、图像识别、自然语言处理和专家系统等。人工智能从诞生以来，理论和技术日益成熟，应用领域也不断扩大。可以设想，未来人工智能带来的科技产品，将会是人类智慧的""容器""。人工智能可以对人的意识、思维的信息过程进行模拟。人工智能不是人的智能，但能像人那样思考、也可能超过人的智能。"
q05,"请将以上文本总结为 40-60 字的摘要。

区块链是一个分布式数据库，通过去中心化和去信任的方式集体维护一个可靠数据库。区块链技术是比特币的底层技术，比特币在没有任何中心化机构运营和管理的情况下，多年运行非常稳定，没有出现过任何问题。区块链的核心优势是去中心化，能够通过运用数据加密、时间戳、分布式共识和经济激励等手段，在节点无需互相信任的分布式系统中实现基于去中心化信用的点对点交易、协调与协作。"
